2026-09-12T08:05:19.271Z	d6d4e64e-02de-43ce-b3d2-156fcee90136	explore	-	start
2026-09-12T08:06:55.329Z	d6d4e64e-02de-43ce-b3d2-156fcee90136	explore	-	end
2026-09-12T08:07:08.915Z	d6d4e64e-02de-43ce-b3d2-156fcee90136	plan	-	start
2026-09-12T08:10:46.291Z	d6d4e64e-02de-43ce-b3d2-156fcee90136	plan	-	end
2026-09-12T08:13:06.338Z	d6d4e64e-02de-43ce-b3d2-156fcee90136	architecture	-	start
2026-09-12T08:16:32.883Z	d6d4e64e-02de-43ce-b3d2-156fcee90136	architecture	-	end
2026-09-12T08:16:45.587Z	d6d4e64e-02de-43ce-b3d2-156fcee90136	implementation	1	start
2026-09-12T08:18:45.948Z	d6d4e64e-02de-43ce-b3d2-156fcee90136	implementation	1	end
2026-09-12T08:18:58.971Z	d6d4e64e-02de-43ce-b3d2-156fcee90136	test	1	start
2026-09-12T08:25:19.007Z	d6d4e64e-02de-43ce-b3d2-156fcee90136	test	1	end
2026-09-12T08:25:33.266Z	d6d4e64e-02de-43ce-b3d2-156fcee90136	review	1	start
2026-09-12T08:31:04.830Z	d6d4e64e-02de-43ce-b3d2-156fcee90136	review	1	end
2026-09-12T08:31:27.359Z	d6d4e64e-02de-43ce-b3d2-156fcee90136	verification_gate	1	start
2026-09-12T08:32:34.375Z	d6d4e64e-02de-43ce-b3d2-156fcee90136	verification_gate	1	end
2026-09-12T08:33:06.509Z	d6d4e64e-02de-43ce-b3d2-156fcee90136	implementation	2	start
2026-09-12T08:34:57.607Z	d6d4e64e-02de-43ce-b3d2-156fcee90136	implementation	2	end
2026-09-12T08:35:18.643Z	d6d4e64e-02de-43ce-b3d2-156fcee90136	test	2	start
2026-09-12T08:38:48.858Z	d6d4e64e-02de-43ce-b3d2-156fcee90136	test	2	end
2026-09-12T08:39:02.163Z	d6d4e64e-02de-43ce-b3d2-156fcee90136	review	2	start
2026-09-12T08:45:28.426Z	d6d4e64e-02de-43ce-b3d2-156fcee90136	review	2	end
2026-09-12T08:45:43.883Z	d6d4e64e-02de-43ce-b3d2-156fcee90136	verification_gate	2	start
2026-09-12T08:46:26.846Z	d6d4e64e-02de-43ce-b3d2-156fcee90136	verification_gate	2	end
2026-09-12T08:46:38.914Z	d6d4e64e-02de-43ce-b3d2-156fcee90136	report	-	start
2026-09-12T08:47:51.775Z	d6d4e64e-02de-43ce-b3d2-156fcee90136	report	-	end
