2026-09-22T13:47:42.993Z	85f86df9-727d-428e-982c-e29b94487a5c	explore	-	start
2026-09-22T13:49:39.161Z	85f86df9-727d-428e-982c-e29b94487a5c	explore	-	end
2026-09-22T13:50:03.283Z	85f86df9-727d-428e-982c-e29b94487a5c	plan	-	start
2026-09-22T13:51:22.073Z	85f86df9-727d-428e-982c-e29b94487a5c	plan	-	end
2026-09-22T14:32:35.646Z	85f86df9-727d-428e-982c-e29b94487a5c	architecture	-	start
2026-09-22T14:34:10.211Z	85f86df9-727d-428e-982c-e29b94487a5c	architecture	-	end
2026-09-22T14:34:24.437Z	85f86df9-727d-428e-982c-e29b94487a5c	implementation	1	start
2026-09-22T14:36:19.825Z	85f86df9-727d-428e-982c-e29b94487a5c	implementation	1	end
2026-09-22T14:36:45.993Z	85f86df9-727d-428e-982c-e29b94487a5c	test	1	start
2026-09-22T14:40:37.985Z	85f86df9-727d-428e-982c-e29b94487a5c	test	1	end
2026-09-22T14:40:47.768Z	85f86df9-727d-428e-982c-e29b94487a5c	review	1	start
2026-09-22T14:44:18.486Z	85f86df9-727d-428e-982c-e29b94487a5c	review	1	end
2026-09-22T14:44:32.203Z	85f86df9-727d-428e-982c-e29b94487a5c	verification_gate	1	start
2026-09-22T14:44:56.012Z	85f86df9-727d-428e-982c-e29b94487a5c	verification_gate	1	end
2026-09-22T14:45:02.340Z	85f86df9-727d-428e-982c-e29b94487a5c	implementation	2	start
2026-09-22T14:45:14.460Z	85f86df9-727d-428e-982c-e29b94487a5c	implementation	2	end
2026-09-22T14:45:43.746Z	85f86df9-727d-428e-982c-e29b94487a5c	test	2	start
2026-09-22T14:47:46.340Z	85f86df9-727d-428e-982c-e29b94487a5c	test	2	end
2026-09-22T14:47:54.551Z	85f86df9-727d-428e-982c-e29b94487a5c	review	2	start
2026-09-22T14:49:39.162Z	85f86df9-727d-428e-982c-e29b94487a5c	review	2	end
2026-09-22T14:49:39.184Z	85f86df9-727d-428e-982c-e29b94487a5c	verification_gate	2	start
2026-09-22T14:50:05.099Z	85f86df9-727d-428e-982c-e29b94487a5c	verification_gate	2	end
2026-09-22T14:50:15.773Z	85f86df9-727d-428e-982c-e29b94487a5c	report	-	start
2026-09-22T14:50:50.314Z	85f86df9-727d-428e-982c-e29b94487a5c	report	-	end
