2026-10-02T14:17:37.555Z	0d6e4f24-3617-458d-8654-2af63a36be2e	explore	-	start
2026-10-02T14:20:10.744Z	0d6e4f24-3617-458d-8654-2af63a36be2e	explore	-	end
2026-10-02T14:21:07.903Z	0d6e4f24-3617-458d-8654-2af63a36be2e	plan	-	start
2026-10-02T14:23:22.266Z	0d6e4f24-3617-458d-8654-2af63a36be2e	plan	-	end
2026-10-02T14:30:31.053Z	0d6e4f24-3617-458d-8654-2af63a36be2e	architecture	-	start
2026-10-02T14:32:43.852Z	0d6e4f24-3617-458d-8654-2af63a36be2e	architecture	-	end
2026-10-02T14:32:50.065Z	0d6e4f24-3617-458d-8654-2af63a36be2e	implementation	1	start
2026-10-02T14:34:24.449Z	0d6e4f24-3617-458d-8654-2af63a36be2e	implementation	1	end
2026-10-02T14:35:17.948Z	0d6e4f24-3617-458d-8654-2af63a36be2e	test	1	start
2026-10-02T14:42:55.943Z	0d6e4f24-3617-458d-8654-2af63a36be2e	test	1	end
2026-10-02T14:42:56.022Z	0d6e4f24-3617-458d-8654-2af63a36be2e	review	1	start
2026-10-02T14:49:23.354Z	0d6e4f24-3617-458d-8654-2af63a36be2e	review	1	end
2026-10-02T14:49:23.493Z	0d6e4f24-3617-458d-8654-2af63a36be2e	verification_gate	1	start
2026-10-02T14:50:01.982Z	0d6e4f24-3617-458d-8654-2af63a36be2e	verification_gate	1	end
2026-10-02T14:50:02.125Z	0d6e4f24-3617-458d-8654-2af63a36be2e	report	-	start
2026-10-02T14:50:37.321Z	0d6e4f24-3617-458d-8654-2af63a36be2e	report	-	end
